,제목,저자,가격,이미지소스
0,소년이 온다,한강,15000,https://image.aladin.co.kr/product/4086/97/cover200/8936434128_2.jpg
1,스토너,존 윌리엄스,16800,https://image.aladin.co.kr/product/5100/19/cover200/8925554992_2.jpg
2,그릿 Grit,김주환,18800,https://image.aladin.co.kr/product/35853/58/cover200/k202037474_1.jpg
3,봄밤의 모든 것,백수린,17000,https://image.aladin.co.kr/product/35918/62/cover200/8932043507_1.jpg
4,양심,최재천,18000,https://image.aladin.co.kr/product/35526/93/cover200/k882036973_3.jpg
5,초역 부처의 말,코이케 류노스케,17800,https://image.aladin.co.kr/product/33973/70/cover200/k682930444_1.jpg
6,듀얼 브레인,이선 몰릭,21000,https://image.aladin.co.kr/product/35873/90/cover200/k762037781_1.jpg
7,모순,양귀자,13000,https://image.aladin.co.kr/product/2584/37/cover200/8998441012_3.jpg
8,"2025 큰별쌤 최태성의 별★별한국사 한국사능력검정시험 심화(1, 2, 3급) 상",최태성,16500,https://image.aladin.co.kr/product/35398/17/cover200/k432035019_1.jpg
9,ETS 토익 정기시험 기출문제집 1000 Vol. 4 Reading (리딩),ETS,19800,https://image.aladin.co.kr/product/33010/94/cover200/8917239501_1.jpg
10,황현필의 진보를 위한 역사,황현필,22000,https://image.aladin.co.kr/product/35711/76/cover200/k612036127_1.jpg
11,ETS 토익 정기시험 기출문제집 1000 Vol. 4 Listening (리스닝),ETS,19800,https://image.aladin.co.kr/product/33010/92/cover200/8917239498_1.jpg
12,해커스 토익 기출 VOCA (보카),David Cho,12900,https://image.aladin.co.kr/product/17602/13/cover200/s172937955_1.jpg
13,삶이라는 완벽한 농담,이경규,17800,https://image.aladin.co.kr/product/35889/97/cover200/k242037888_2.jpg
14,"2025 큰별쌤 최태성의 별★별한국사 한국사능력검정시험 심화(1, 2, 3급) 하",최태성,16000,https://image.aladin.co.kr/product/35398/19/cover200/k842035019_1.jpg
15,채식주의자 (리마스터판),한강,15000,https://image.aladin.co.kr/product/29137/2/cover200/8936434594_2.jpg
16,어른의 행복은 조용하다,태수,17800,https://image.aladin.co.kr/product/35063/62/cover200/k532934196_2.jpg
17,작별하지 않는다,한강,16800,https://image.aladin.co.kr/product/27877/5/cover200/8954682154_3.jpg
18,자살의 연구,앨 앨버레즈,18000,https://image.aladin.co.kr/product/35899/74/cover200/8932475393_1.jpg
19,마음의 기술,안-엘렌 클레르,21000,https://image.aladin.co.kr/product/35238/88/cover200/k132934949_1.jpg
20,침묵의 퍼레이드,히가시노 게이고,21800,https://image.aladin.co.kr/product/36002/6/cover200/k232037727_1.jpg
21,급류,정대건,14000,https://image.aladin.co.kr/product/30769/24/cover200/8937473402_1.jpg
22,학생회에도 구멍은 있다! 8,무치마로,6000,https://image.aladin.co.kr/product/35994/80/cover200/k862037615_1.jpg
23,원페이지 교육학 기본서 상,Dave,40000,https://image.aladin.co.kr/product/33976/8/cover200/k892930447_1.jpg
24,맨큐의 경제학,그레고리 맨큐,49000,https://image.aladin.co.kr/product/35810/30/cover200/8962185636_1.jpg
25,환율의 대전환,오건영,27000,https://image.aladin.co.kr/product/35777/65/cover200/k852036942_2.jpg
26,트럼프 시대의 지정학과 비트코인,오태민,26000,https://image.aladin.co.kr/product/35862/62/cover200/k162037577_1.jpg
27,슈퍼 뒤에서 담배 피우는 두 사람 5 (특장판),지누시,13000,https://image.aladin.co.kr/product/36019/92/cover200/k332037929_1.jpg
28,학생회에도 구멍은 있다! 공식 일러스트북 :《후지나스 학원 활동일지》,무치마로,10000,
29,국민이 먼저입니다,한동훈,116820,https://image.aladin.co.kr/product/35852/87/cover200/k232037472_1.jpg
30,"스토너 (초판본, 양장)",존 윌리엄스,18000,https://image.aladin.co.kr/product/24370/31/cover200/s312037725_1.jpg
31,꼭 그런 건 아니야,매튜 맥커너히,16700,https://image.aladin.co.kr/product/35792/28/cover200/k122036353_2.jpg
32,두근두근! 내 인생의 비밀 찾기 1,성승현,15000,https://image.aladin.co.kr/product/35795/31/cover200/k222036357_1.jpg
33,흰 고래의 흼에 대하여,홍한별,20000,https://image.aladin.co.kr/product/35833/49/cover200/k802037766_1.jpg
34,그 개와 혁명,예소연,17500,https://image.aladin.co.kr/product/35832/83/cover200/k172037765_1.jpg
35,이처럼 사소한 것들,클레어 키건,13800,https://image.aladin.co.kr/product/32938/68/cover200/k472936042_2.jpg
36,행동하지 않으면 인생은 바뀌지 않는다,브라이언 트레이시,16900,https://image.aladin.co.kr/product/35221/57/cover200/k172934625_1.jpg
37,사과를 그리는 100가지 방법,박이도,25000,https://image.aladin.co.kr/product/35685/74/cover200/k112036925_1.jpg
38,호랑이를 부탁해,설상록,15000,https://image.aladin.co.kr/product/35799/35/cover200/8949122081_1.jpg
39,미키7,에드워드 애슈턴,17000,https://image.aladin.co.kr/product/29857/51/cover200/k202838025_2.jpg
40,이어령의 말,이어령,22000,https://image.aladin.co.kr/product/35831/84/cover200/8933803653_1.jpg
41,하루 한 장 나의 어휘력을 위한 필사 노트 (컴포지션 에디션),유선경,23800,https://image.aladin.co.kr/product/35050/59/cover200/k262934180_2.jpg
42,쉽게 풀어쓴 C언어 Express,천인국,32000,https://image.aladin.co.kr/product/30841/63/cover200/8970506675_1.jpg
43,소스 코드: 더 비기닝,빌 게이츠,28000,https://image.aladin.co.kr/product/35718/16/cover200/893292497x_2.jpg
44,악마와 함께 춤을,크리스타 K. 토마슨,19000,https://image.aladin.co.kr/product/35408/73/cover200/8965966817_2.jpg
45,2025 써니 행정법총론 실전동형 모의고사,박준철,14000,https://image.aladin.co.kr/product/35872/76/cover200/k372037780_1.jpg
46,너를 찾는 파도 1 (특별판),청연,38000,
47,명탐정 코난 106,아오야마 고쇼,6000,https://image.aladin.co.kr/product/35891/5/cover200/k072037884_1.jpg
48,히카루가 죽은 여름 5 (특장판),모쿠모쿠렌,24000,https://image.aladin.co.kr/product/36019/89/cover200/k282037929_1.jpg
49,원페이지 교육학 기본서 하,Dave,40000,https://image.aladin.co.kr/product/33976/10/cover200/k822930447_1.jpg
50,2025 이유진 국어 백일기도 모의고사 시즌 3 : 結(결),이유진,29000,https://image.aladin.co.kr/product/35893/29/cover200/k882037989_1.jpg
51,나의 히어로 아카데미아 42 (트리플 특장판),호리코시 코헤이,6000,https://image.aladin.co.kr/product/35799/35/cover200/k442036450_1.jpg
52,넥서스,유발 하라리,27800,https://image.aladin.co.kr/product/34917/23/cover200/k022933254_1.jpg
53,미키7 완전판 세트 - 전2권,에드워드 애슈턴,27000,https://image.aladin.co.kr/product/32956/72/cover200/k982936244_2.jpg
54,나는 보았습니다,박진여,17800,https://image.aladin.co.kr/product/35832/89/cover200/k282037765_1.jpg
55,ETS 토익 단기 공략 750+ (LC + RC),ETS,18000,https://image.aladin.co.kr/product/24919/64/cover200/8917235948_1.jpg
56,헌법 필사 (스프링),대한민국,5500,https://image.aladin.co.kr/product/35102/82/cover200/k982934603_1.jpg
57,어떻게 극단적 소수가 다수를 지배하는가,스티븐 레비츠키,22000,https://image.aladin.co.kr/product/33934/72/cover200/k402930238_1.jpg
58,흰,한강,14500,https://image.aladin.co.kr/product/14322/3/cover200/8954651135_3.jpg
59,지적 대화를 위한 넓고 얕은 지식 무한,채사장,19000,https://image.aladin.co.kr/product/35301/70/cover200/k692035972_1.jpg
60,교육의 뇌과학,바버라 오클리,19900,https://image.aladin.co.kr/product/35782/17/cover200/k662036444_1.jpg
61,2025 이기적 빅데이터분석기사 필기 기본서,나홍석,33000,https://image.aladin.co.kr/product/34393/72/cover200/893147718x_1.jpg
62,일본어 명카피 핸드북,정규영,18000,https://image.aladin.co.kr/product/35625/92/cover200/k572036290_1.jpg
63,"2025 큰별쌤 최태성의 별★별한국사 기출 500제 한국사능력검정시험 심화 (1, 2, 3급)",최태성,19500,https://image.aladin.co.kr/product/35408/5/cover200/k912035329_1.jpg
64,나의 자리,윤혜정,3660,https://image.aladin.co.kr/product/35706/46/cover200/8959985074_1.jpg
65,심장보다 단단한 토마토 한 알,고선경,12000,https://image.aladin.co.kr/product/35590/4/cover200/k282036896_1.jpg
66,느리게 가는 마음,윤성희,17000,https://image.aladin.co.kr/product/35924/58/cover200/8936439685_2.jpg
67,이상한 집 2,우케쓰,18000,https://image.aladin.co.kr/product/35852/22/cover200/k912037471_1.jpg
68,착! 붙는 일본어 독학 첫걸음,일본어 공부기술연구소,16800,https://image.aladin.co.kr/product/33605/56/cover200/8940293983_1.jpg
69,사카모토 데이즈 19 (트리플 특전판),스즈키 유우토,6500,https://image.aladin.co.kr/product/35800/24/cover200/k152036453_1.jpg
70,Kreyszig 공업수학 (상),Erwin Kreyszig,35000,https://image.aladin.co.kr/product/28955/80/cover200/k392836417_1.jpg
71,데미안 (오리지널 초판본 표지디자인),헤르만 헤세,3300,https://image.aladin.co.kr/product/9871/8/cover200/k042535550_2.jpg
72,도넛을 나누는 기분 (시절 시집 에디션),김소형,13000,https://image.aladin.co.kr/product/35937/32/cover200/k632037701_1.jpg
73,일본어 무작정 따라하기 완전판,후지이 아사리,26000,https://image.aladin.co.kr/product/29877/32/cover200/k712838735_1.jpg
74,부모의 질문력,김종원,20000,https://image.aladin.co.kr/product/35840/11/cover200/k792037865_1.jpg
75,소년과 두더지와 여우와 말,찰리 맥커시,18000,https://image.aladin.co.kr/product/23682/64/cover200/8997381679_2.jpg
76,ETS 토익기출 파트별 VOCA 보카,ETS,13000,https://image.aladin.co.kr/product/30746/36/cover200/8917237487_1.jpg
77,계엄령,알베르 카뮈,22000,https://image.aladin.co.kr/product/35917/41/cover200/k192037698_1.jpg
78,손자병법,임용한,22800,https://image.aladin.co.kr/product/35632/0/cover200/k222036397_1.jpg
79,줌달의 일반화학 (Zumdahl),Steven S. Zumdahl,56000,https://image.aladin.co.kr/product/18360/14/cover200/s402830654_1.jpg
80,2025 선재국어 실전 봉투 모의고사 2 결승선,이선재,18000,https://image.aladin.co.kr/product/35647/46/cover200/k462036710_1.jpg
81,2025 문동균 한국사 D-30 문단속 모의고사,문동균,15000,https://image.aladin.co.kr/product/35709/18/cover200/k632036125_1.jpg
82,싯다르타,헤르만 헤세,8000,https://image.aladin.co.kr/product/32/95/cover200/s062934786_1.jpg
83,어른의 품격을 채우는 100일 필사 노트,김종원,20000,https://image.aladin.co.kr/product/35809/29/cover200/k572036659_1.jpg
84,큼큼 산신령의 속담 상담소,곽미영,15000,https://image.aladin.co.kr/product/35771/38/cover200/k192036845_1.jpg
85,현대 이상심리학,권석만,32000,https://image.aladin.co.kr/product/32539/63/cover200/8999729125_1.jpg
86,해커스 토익 RC Reading(리딩) 기본서,David Cho,18800,https://image.aladin.co.kr/product/30640/30/cover200/s432931235_1.jpg
87,퓨처 셀프 30만 부 기념 스페셜 에디션,벤저민 하디,22000,https://image.aladin.co.kr/product/34795/5/cover200/k782933126_2.jpg
88,대학생을 위한 자아와 명상 1,동국대학교 건학위원회,13000,https://image.aladin.co.kr/product/33410/11/cover200/8978017657_1.jpg
89,2025 프로야구 가이드북,나유리,28000,https://image.aladin.co.kr/product/35947/56/cover200/k242037808_1.jpg
90,이기적 유전자,리처드 도킨스,20000,https://image.aladin.co.kr/product/17048/25/cover200/8932473900_1.jpg
91,대학물리학,Raymond A. Serway,52000,https://image.aladin.co.kr/product/31059/82/cover200/k412831427_1.jpg
92,설민석의 한국사 대모험 32,설민석,14000,https://image.aladin.co.kr/product/35853/42/cover200/k812037473_1.jpg
93,2025 심우철 실전 동형 모의고사 Season 2,심우철,14400,https://image.aladin.co.kr/product/35766/88/cover200/k872036745_1.jpg
94,2025 북적북적 저절로 암기노트 & 문제풀이 예금일반,이종학,10060,https://image.aladin.co.kr/product/36004/16/cover200/k302037822_1.jpg
95,패턴과 구조 영문법,윤규철,19000,https://image.aladin.co.kr/product/24974/8/cover200/k532632697_1.jpg
96,Brown 일반화학 (일반화학교재연구회),Theodore L. Brown,55000,https://image.aladin.co.kr/product/30814/14/cover200/k862831566_2.jpg
97,히카루가 죽은 여름 5,모쿠모쿠렌,6500,https://image.aladin.co.kr/product/36019/90/cover200/k232037929_1.jpg
98,대온실 수리 보고서,김금희,18000,https://image.aladin.co.kr/product/34712/24/cover200/8936439650_2.jpg
99,2025 문동균 한국사 국가직 대비 실전 봉투모의고사,문동균,12000,https://image.aladin.co.kr/product/35709/56/cover200/k492036126_1.jpg
100,생각의 도약,도야마 시게히코,18000,https://image.aladin.co.kr/product/35627/60/cover200/k492036297_1.jpg
101,AI 시대와 언어,윤규철,19000,https://image.aladin.co.kr/product/33233/6/cover200/k772937259_1.jpg
102,진짜 쓰는 실무 엑셀,오빠두(전진권),21000,https://image.aladin.co.kr/product/28819/83/cover200/s292938843_1.jpg
103,성장지향성,존 R. 마일스,19800,https://image.aladin.co.kr/product/35654/28/cover200/k302036815_1.jpg
104,사랑에 대해 내가 아는 모든 것 (리커버 특별판),돌리 앨더튼,17800,https://image.aladin.co.kr/product/34917/69/cover200/k572933255_2.jpg
105,살아갈 날들을 위한 괴테의 시,김종원,19000,https://image.aladin.co.kr/product/35547/2/cover200/k642036274_2.jpg
106,"데일 카네기 인간관계론 + 자기관리론 + 성공대화론 (합본, 무선)",데일 카네기,5500,https://image.aladin.co.kr/product/23842/90/cover200/k502639387_2.jpg
107,스킵과 로퍼 10,타카마츠 미사키,6000,https://image.aladin.co.kr/product/35856/1/cover200/k392037578_1.jpg
108,왜 그들만 부자가 되는가,필립 바구스,22000,https://image.aladin.co.kr/product/35457/49/cover200/k802035144_1.jpg
109,미분적분학,James Stewart,49000,https://image.aladin.co.kr/product/26402/93/cover200/k832738321_1.jpg
110,서랍에 저녁을 넣어 두었다,한강,12000,https://image.aladin.co.kr/product/3335/59/cover200/8932024634_3.jpg
111,퇴마록 소장판 전권 세트 - 전17권 (양장),이우혁,374000,https://image.aladin.co.kr/product/35905/54/cover200/k262037992_2.jpg
112,희망,프란치스코 교황,34000,https://image.aladin.co.kr/product/35903/39/cover200/8932119457_1.jpg
113,2025 이동기 영어 신경향 실전동형 모의고사 Vol.2,이동기,11000,https://image.aladin.co.kr/product/35591/51/cover200/k042036998_1.jpg
114,김재우의 기초 영어회화 100,김재우,18900,https://image.aladin.co.kr/product/35323/86/cover200/k242035376_1.jpg
115,ALL NEW 계리직 영어 예상문제집 - 전2권,제인 심,8150,https://image.aladin.co.kr/product/35989/82/cover200/k582037618_1.jpg
116,오십의 태도,정은숙,18000,https://image.aladin.co.kr/product/35358/67/cover200/k142035894_1.jpg
117,2025 에듀윌 스포츠지도사 필기 한권끝장 + 모의고사 3회분,정수봉,32500,https://image.aladin.co.kr/product/34815/21/cover200/k302933433_1.jpg
118,너의 유토피아,정보라,17500,https://image.aladin.co.kr/product/35549/91/cover200/k752036371_2.jpg
119,어떻게 민주주의는 무너지는가,스티븐 레비츠키,16800,https://image.aladin.co.kr/product/16234/14/cover200/k782534278_1.jpg
120,나의 작은 무법자,크리스 휘타커,19000,https://image.aladin.co.kr/product/35839/92/cover200/k012037865_1.jpg
121,경제학원론,이준구,43000,https://image.aladin.co.kr/product/35654/59/cover200/k862036815_1.jpg
122,2025 선재국어 실전 봉투 모의고사 1 출발선,이선재,18000,https://image.aladin.co.kr/product/35440/33/cover200/k972035934_1.jpg
123,두 사람의 인터내셔널,김기태,16800,https://image.aladin.co.kr/product/33899/7/cover200/8954697941_3.jpg
124,돈의 심리학 (30만 부 기념 스페셜 에디션),모건 하우절,19800,https://image.aladin.co.kr/product/32852/7/cover200/k132936910_2.jpg
125,ETS 토익 단기 공략 550+ LC + RC,ETS,17000,https://image.aladin.co.kr/product/24249/41/cover200/8917235921_2.jpg
126,설민석의 삼국지 대모험 21,단꿈아이,14000,https://image.aladin.co.kr/product/35936/42/cover200/k902037701_1.jpg
127,적당한 사람,이창섭(BTOB),22000,https://image.aladin.co.kr/product/35840/64/cover200/k042037867_1.jpg
128,티핑 포인트의 설계자들,말콤 글래드웰,20000,https://image.aladin.co.kr/product/35800/54/cover200/k222036454_1.jpg
129,나는 AI와 공부한다,살만 칸,25000,https://image.aladin.co.kr/product/35538/44/cover200/8925574101_1.jpg
130,생활속의 경영학,장영광,33000,https://image.aladin.co.kr/product/35453/89/cover200/895501872x_1.jpg
131,현대 심리치료와 상담 이론,권석만,22000,https://image.aladin.co.kr/product/1909/0/cover200/8963309266_1.jpg
132,희랍어 시간,한강,13000,https://image.aladin.co.kr/product/1384/91/cover200/8954616518_2.jpg
133,부의 공식,스콧 갤러웨이,22000,https://image.aladin.co.kr/product/35775/27/cover200/k192036948_1.jpg
134,2025 수제비 정보처리기사 실기 기본서,윤영빈,40000,https://image.aladin.co.kr/product/35647/65/cover200/k122036711_1.jpg
135,한 권으로 끝내는 해커스 토익 700+ (LC+RC+VOCA),해커스어학연구소,19800,https://image.aladin.co.kr/product/28571/61/cover200/8965424623_1.jpg
136,최재천의 희망 수업,최재천,19000,https://image.aladin.co.kr/product/35705/13/cover200/8946423005_2.jpg
137,트렌드 코리아 2025,김난도,20000,https://image.aladin.co.kr/product/34634/14/cover200/8959897221_2.jpg
138,해커스 토익 LC Listening(리스닝) 기본서,David Cho,18800,https://image.aladin.co.kr/product/30640/55/cover200/s182931386_1.jpg
139,4줄이면 된다,이은희,18000,https://image.aladin.co.kr/product/35989/75/cover200/k452037618_1.jpg
140,내가 나라서 정말 좋아,김지훤,16800,https://image.aladin.co.kr/product/35431/88/cover200/k022035739_1.jpg
141,해커스 보카 (Hackers Vocabulary),David Cho,16900,https://image.aladin.co.kr/product/6111/73/cover200/s442731548_1.jpg
142,히나타의 블루 4,메구로 아무,6000,https://image.aladin.co.kr/product/35994/93/cover200/k552037616_1.jpg
143,무의식은 어떻게 나를 설계하는가,데이비드 이글먼,25000,https://image.aladin.co.kr/product/35230/61/cover200/892557439x_1.jpg
144,롱 뷰,리처드 피셔,24000,https://image.aladin.co.kr/product/35891/6/cover200/k042037884_1.jpg
145,사회복지학개론 (권중돈 외),권중돈,27000,https://image.aladin.co.kr/product/33419/87/cover200/8999730484_1.jpg
146,수학 진짜 잘하는 법을 알려줄게요.,주단,22000,https://image.aladin.co.kr/product/35839/58/cover200/k552037864_1.jpg
147,어느 날 문이 사라졌다,김은영,13500,https://image.aladin.co.kr/product/35706/26/cover200/k982036027_1.jpg
148,일의 감각,조수용,22000,https://image.aladin.co.kr/product/35225/12/cover200/k752934734_2.jpg
149,캠벨 생명과학,Lisa A. Urry,60000,https://image.aladin.co.kr/product/29065/54/cover200/8968241260_1.jpg
